[{"model": "auth.permission", "pk": 1, "fields": {"name": "Can add log entry", "content_type": 1, "codename": "add_logentry"}}, {"model": "auth.permission", "pk": 2, "fields": {"name": "Can change log entry", "content_type": 1, "codename": "change_logentry"}}, {"model": "auth.permission", "pk": 3, "fields": {"name": "Can delete log entry", "content_type": 1, "codename": "delete_logentry"}}, {"model": "auth.permission", "pk": 4, "fields": {"name": "Can view log entry", "content_type": 1, "codename": "view_logentry"}}, {"model": "auth.permission", "pk": 5, "fields": {"name": "Can add permission", "content_type": 2, "codename": "add_permission"}}, {"model": "auth.permission", "pk": 6, "fields": {"name": "Can change permission", "content_type": 2, "codename": "change_permission"}}, {"model": "auth.permission", "pk": 7, "fields": {"name": "Can delete permission", "content_type": 2, "codename": "delete_permission"}}, {"model": "auth.permission", "pk": 8, "fields": {"name": "Can view permission", "content_type": 2, "codename": "view_permission"}}, {"model": "auth.permission", "pk": 9, "fields": {"name": "Can add group", "content_type": 3, "codename": "add_group"}}, {"model": "auth.permission", "pk": 10, "fields": {"name": "Can change group", "content_type": 3, "codename": "change_group"}}, {"model": "auth.permission", "pk": 11, "fields": {"name": "Can delete group", "content_type": 3, "codename": "delete_group"}}, {"model": "auth.permission", "pk": 12, "fields": {"name": "Can view group", "content_type": 3, "codename": "view_group"}}, {"model": "auth.permission", "pk": 13, "fields": {"name": "Can add user", "content_type": 4, "codename": "add_user"}}, {"model": "auth.permission", "pk": 14, "fields": {"name": "Can change user", "content_type": 4, "codename": "change_user"}}, {"model": "auth.permission", "pk": 15, "fields": {"name": "Can delete user", "content_type": 4, "codename": "delete_user"}}, {"model": "auth.permission", "pk": 16, "fields": {"name": "Can view user", "content_type": 4, "codename": "view_user"}}, {"model": "auth.permission", "pk": 17, "fields": {"name": "Can add content type", "content_type": 5, "codename": "add_contenttype"}}, {"model": "auth.permission", "pk": 18, "fields": {"name": "Can change content type", "content_type": 5, "codename": "change_contenttype"}}, {"model": "auth.permission", "pk": 19, "fields": {"name": "Can delete content type", "content_type": 5, "codename": "delete_contenttype"}}, {"model": "auth.permission", "pk": 20, "fields": {"name": "Can view content type", "content_type": 5, "codename": "view_contenttype"}}, {"model": "auth.permission", "pk": 21, "fields": {"name": "Can add session", "content_type": 6, "codename": "add_session"}}, {"model": "auth.permission", "pk": 22, "fields": {"name": "Can change session", "content_type": 6, "codename": "change_session"}}, {"model": "auth.permission", "pk": 23, "fields": {"name": "Can delete session", "content_type": 6, "codename": "delete_session"}}, {"model": "auth.permission", "pk": 24, "fields": {"name": "Can view session", "content_type": 6, "codename": "view_session"}}, {"model": "auth.permission", "pk": 25, "fields": {"name": "Can add category", "content_type": 7, "codename": "add_category"}}, {"model": "auth.permission", "pk": 26, "fields": {"name": "Can change category", "content_type": 7, "codename": "change_category"}}, {"model": "auth.permission", "pk": 27, "fields": {"name": "Can delete category", "content_type": 7, "codename": "delete_category"}}, {"model": "auth.permission", "pk": 28, "fields": {"name": "Can view category", "content_type": 7, "codename": "view_category"}}, {"model": "auth.permission", "pk": 29, "fields": {"name": "Can add user", "content_type": 8, "codename": "add_client"}}, {"model": "auth.permission", "pk": 30, "fields": {"name": "Can change user", "content_type": 8, "codename": "change_client"}}, {"model": "auth.permission", "pk": 31, "fields": {"name": "Can delete user", "content_type": 8, "codename": "delete_client"}}, {"model": "auth.permission", "pk": 32, "fields": {"name": "Can view user", "content_type": 8, "codename": "view_client"}}, {"model": "auth.permission", "pk": 33, "fields": {"name": "Can add product", "content_type": 9, "codename": "add_product"}}, {"model": "auth.permission", "pk": 34, "fields": {"name": "Can change product", "content_type": 9, "codename": "change_product"}}, {"model": "auth.permission", "pk": 35, "fields": {"name": "Can delete product", "content_type": 9, "codename": "delete_product"}}, {"model": "auth.permission", "pk": 36, "fields": {"name": "Can view product", "content_type": 9, "codename": "view_product"}}, {"model": "auth.permission", "pk": 37, "fields": {"name": "Can add order", "content_type": 10, "codename": "add_order"}}, {"model": "auth.permission", "pk": 38, "fields": {"name": "Can change order", "content_type": 10, "codename": "change_order"}}, {"model": "auth.permission", "pk": 39, "fields": {"name": "Can delete order", "content_type": 10, "codename": "delete_order"}}, {"model": "auth.permission", "pk": 40, "fields": {"name": "Can view order", "content_type": 10, "codename": "view_order"}}, {"model": "auth.user", "pk": 1, "fields": {"password": "pbkdf2_sha256$260000$ovzKnJOB9emJfcJoXuS2op$KiO8yWzeixCW8hurspCB8UQ/iEWfyui35Ew3S7/fhg8=", "last_login": "2022-11-25T02:15:37.641Z", "is_superuser": true, "username": "achyuth", "first_name": "", "last_name": "", "email": "bachyut@uwindsor.ca", "is_staff": true, "is_active": true, "date_joined": "2022-09-30T16:11:50.280Z", "groups": [], "user_permissions": []}}, {"model": "auth.user", "pk": 2, "fields": {"password": "pbkdf2_sha256$260000$6yfnLrCU0F2cEuOe0TXe0H$BQOZBkUXxj+wLOH8tvfdCkENCxRmuSkltyRJSpCmRCY=", "last_login": "2022-11-25T02:15:20.987Z", "is_superuser": false, "username": "john", "first_name": "John", "last_name": "Smith", "email": "", "is_staff": false, "is_active": true, "date_joined": "2022-10-19T12:46:00Z", "groups": [], "user_permissions": []}}, {"model": "auth.user", "pk": 3, "fields": {"password": "mary", "last_login": null, "is_superuser": false, "username": "mary", "first_name": "Mary", "last_name": "Hall", "email": "", "is_staff": false, "is_active": true, "date_joined": "2022-10-19T12:54:06Z", "groups": [], "user_permissions": []}}, {"model": "auth.user", "pk": 4, "fields": {"password": "alan", "last_login": null, "is_superuser": false, "username": "alan", "first_name": "Alan", "last_name": "Jones", "email": "", "is_staff": false, "is_active": true, "date_joined": "2022-10-19T12:54:52Z", "groups": [], "user_permissions": []}}, {"model": "auth.user", "pk": 5, "fields": {"password": "josh", "last_login": null, "is_superuser": false, "username": "josh", "first_name": "Josh", "last_name": "Jones", "email": "", "is_staff": false, "is_active": true, "date_joined": "2022-10-19T12:57:33Z", "groups": [], "user_permissions": []}}, {"model": "auth.user", "pk": 6, "fields": {"password": "bill", "last_login": null, "is_superuser": false, "username": "bill", "first_name": "Bill", "last_name": "Wang", "email": "", "is_staff": false, "is_active": true, "date_joined": "2022-10-19T12:58:49Z", "groups": [], "user_permissions": []}}, {"model": "contenttypes.contenttype", "pk": 1, "fields": {"app_label": "admin", "model": "logentry"}}, {"model": "contenttypes.contenttype", "pk": 2, "fields": {"app_label": "auth", "model": "permission"}}, {"model": "contenttypes.contenttype", "pk": 3, "fields": {"app_label": "auth", "model": "group"}}, {"model": "contenttypes.contenttype", "pk": 4, "fields": {"app_label": "auth", "model": "user"}}, {"model": "contenttypes.contenttype", "pk": 5, "fields": {"app_label": "contenttypes", "model": "contenttype"}}, {"model": "contenttypes.contenttype", "pk": 6, "fields": {"app_label": "sessions", "model": "session"}}, {"model": "contenttypes.contenttype", "pk": 7, "fields": {"app_label": "product", "model": "category"}}, {"model": "contenttypes.contenttype", "pk": 8, "fields": {"app_label": "product", "model": "client"}}, {"model": "contenttypes.contenttype", "pk": 9, "fields": {"app_label": "product", "model": "product"}}, {"model": "contenttypes.contenttype", "pk": 10, "fields": {"app_label": "product", "model": "order"}}, {"model": "sessions.session", "pk": "3g95mulw0yw8s9z3rnrbizjglckq1x9y", "fields": {"session_data": "e30:1oyODF:1fyVGKXTsCodoH7gSNoqNQDPgGrXnF77BmL2ReoUR58", "expire_date": "2022-12-09T02:13:09.364Z"}}, {"model": "sessions.session", "pk": "hakoqnqv597q202irccrlrafqzft2e42", "fields": {"session_data": "e30:1oyODr:xUe12RTJAVq64jZdWOd0UtMAj5dgt6EXftNe6ErBbWM", "expire_date": "2022-12-09T02:13:47.775Z"}}, {"model": "sessions.session", "pk": "jnjisj8q6sp996u637e3aygz0dn7nxcq", "fields": {"session_data": "e30:1oyOCu:62jzaBifrzfdWHv2buIQcLRsGEvoECHUYHzw8fAc3HE", "expire_date": "2022-12-09T02:12:48.197Z"}}, {"model": "sessions.session", "pk": "w278g2w07fasomygw1b7cwus0x45d6tz", "fields": {"session_data": "e30:1oyODj:OsKgEHgvdVvQvfy_gYMExHK5_esBZi-lt5v4LGb4EaA", "expire_date": "2022-12-09T02:13:39.191Z"}}, {"model": "product.category", "pk": 1, "fields": {"name": "Furniture", "warehouse": "Windsor"}}, {"model": "product.category", "pk": 2, "fields": {"name": "Appliances", "warehouse": "Windsor"}}, {"model": "product.category", "pk": 4, "fields": {"name": "Home Decor", "warehouse": "Waterloo"}}, {"model": "product.category", "pk": 5, "fields": {"name": "Electronics", "warehouse": "London"}}, {"model": "product.category", "pk": 6, "fields": {"name": "Flooring", "warehouse": "London"}}, {"model": "product.category", "pk": 7, "fields": {"name": "cat1", "warehouse": "Windsor"}}, {"model": "product.category", "pk": 8, "fields": {"name": "cat11", "warehouse": "bye"}}, {"model": "product.product", "pk": 1, "fields": {"category": 4, "name": "Clock", "price": "99.99", "stock": 50, "available": true, "description": "", "interested": 11}}, {"model": "product.product", "pk": 2, "fields": {"category": 4, "name": "Vase", "price": "82.54", "stock": 90, "available": true, "description": "", "interested": 11}}, {"model": "product.product", "pk": 3, "fields": {"category": 4, "name": "Painting", "price": "135.80", "stock": 0, "available": true, "description": "", "interested": 10}}, {"model": "product.product", "pk": 4, "fields": {"category": 4, "name": "Lamp", "price": "59.99", "stock": 195, "available": true, "description": "", "interested": 10}}, {"model": "product.product", "pk": 5, "fields": {"category": 5, "name": "Tablet", "price": "299.99", "stock": 0, "available": true, "description": "", "interested": 10}}, {"model": "product.product", "pk": 6, "fields": {"category": 5, "name": "Laptop", "price": "975.50", "stock": 85, "available": true, "description": "", "interested": 10}}, {"model": "product.product", "pk": 7, "fields": {"category": 5, "name": "TV", "price": "3500.00", "stock": 20, "available": true, "description": "", "interested": 10}}, {"model": "product.product", "pk": 8, "fields": {"category": 1, "name": "Table", "price": "599.99", "stock": 120, "available": false, "description": "", "interested": 10}}, {"model": "product.product", "pk": 9, "fields": {"category": 1, "name": "Dresser", "price": "360.85", "stock": 100, "available": true, "description": "", "interested": 10}}, {"model": "product.product", "pk": 10, "fields": {"category": 1, "name": "Bed", "price": "1225.25", "stock": 0, "available": false, "description": "", "interested": 10}}, {"model": "product.product", "pk": 11, "fields": {"category": 1, "name": "Sofa", "price": "1500.95", "stock": 175, "available": true, "description": "", "interested": 10}}, {"model": "product.product", "pk": 12, "fields": {"category": 2, "name": "Dryer", "price": "775.00", "stock": 0, "available": false, "description": "", "interested": 10}}, {"model": "product.product", "pk": 13, "fields": {"category": 2, "name": "Washer", "price": "885.75", "stock": 100, "available": true, "description": "", "interested": 10}}, {"model": "product.product", "pk": 14, "fields": {"category": 2, "name": "Stove", "price": "950.50", "stock": 100, "available": true, "description": "", "interested": 10}}, {"model": "product.client", "pk": 2, "fields": {"company": "", "shipping_address": "123 University Avenue", "city": "Windsor", "province": "ON", "interested_in": [1, 2, 4, 5]}}, {"model": "product.client", "pk": 3, "fields": {"company": "", "shipping_address": "456 Sunset Avenue", "city": "Windsor", "province": "ON", "interested_in": [1]}}, {"model": "product.client", "pk": 4, "fields": {"company": "", "shipping_address": "789 King Street", "city": "Windsor", "province": "ON", "interested_in": [2, 4, 5]}}, {"model": "product.client", "pk": 5, "fields": {"company": "", "shipping_address": "456 Sunset Avenue", "city": "Montreal", "province": "QC", "interested_in": [1, 5]}}, {"model": "product.client", "pk": 6, "fields": {"company": "", "shipping_address": "987 King Street", "city": "Edmononton", "province": "AB", "interested_in": [4]}}, {"model": "product.order", "pk": 1, "fields": {"product": 4, "client": 3, "num_units": 2, "order_status": 1, "status_date": "2022-10-19"}}, {"model": "product.order", "pk": 2, "fields": {"product": 7, "client": 2, "num_units": 1, "order_status": 1, "status_date": "2022-10-19"}}, {"model": "product.order", "pk": 36, "fields": {"product": 2, "client": 3, "num_units": 10, "order_status": 1, "status_date": "2022-11-17"}}, {"model": "product.order", "pk": 37, "fields": {"product": 2, "client": 4, "num_units": 10, "order_status": 1, "status_date": "2022-11-17"}}, {"model": "product.order", "pk": 38, "fields": {"product": 2, "client": 6, "num_units": 10, "order_status": 1, "status_date": "2022-11-17"}}, {"model": "product.order", "pk": 39, "fields": {"product": 3, "client": 2, "num_units": 10, "order_status": 1, "status_date": "2022-11-17"}}, {"model": "product.order", "pk": 40, "fields": {"product": 3, "client": 2, "num_units": 10, "order_status": 1, "status_date": "2022-11-17"}}, {"model": "product.order", "pk": 41, "fields": {"product": 3, "client": 2, "num_units": 10, "order_status": 1, "status_date": "2022-11-17"}}, {"model": "product.order", "pk": 42, "fields": {"product": 3, "client": 2, "num_units": 10, "order_status": 1, "status_date": "2022-11-17"}}, {"model": "product.order", "pk": 43, "fields": {"product": 3, "client": 2, "num_units": 10, "order_status": 1, "status_date": "2022-11-17"}}, {"model": "product.order", "pk": 44, "fields": {"product": 4, "client": 4, "num_units": 5, "order_status": 1, "status_date": "2022-11-18"}}]